Product_name,Product_price,Product_rating
"Ambrane 50000mAh Powerbank, 20W Fast Charging, Metallic Body, Triple Output, Type C PD (Input & Output), Li-Polymer, Compatible for iPhone, Android and Other Devices (Stylo Max, Blue)","4,499",4.0
Oboe Silicon Soft Cover Case for Mi Power Bank 3i 20000 mAh Battery (Black) [Power Bank NOT Included],349,4.0
"Ambrane 10000mAh Magnetic Wireless Power Bank for iPhone 12 & Above, 22.5W Wired + 15W Wireless Charging, Mobile Stand, Type C PD (Input & Output), Li-Polymer (Aerosync PB 10, Black)","1,899",2.9
MI Power Bank 3i 20000mAh Lithium Polymer 18W Fast Power Delivery Charging | Input- Type C | Micro USB| Triple Output | Sandstone Black,"2,149",4.2
"Mi 10000mAH Li-Polymer, Micro-USB and Type C Input Port, Power Bank 3i with 18W Fast Charging (Midnight Black)","1,299",4.2
"MI 10000mAh Lithium Ion, Lithium Polymer Power Bank Pocket Pro with 22.5 Watt Fast Charging, Dual Input Ports(Micro-USB and Type C), Triple Output Ports, (Black)","1,699",4.3
"Ambrane 20000mAh Power Bank with 20W Fast Charging, Triple Output, Power Delivery, Type C Input, Made in India, Multi-Layer Protection, Li-Polymer + Type C Cable (Stylo-20k, Black)","1,599",4.0
"Ambrane 20000mAh Power Bank, 20W Fast Charging, Tripe Output, Type C PD (Input & Output), Quick Charge, Li-Polymer, Multi-Layer Protection for iPhone, Smartphones & Other Devices (Stylo 20K, Blue)","1,599",4.0
"Duracell 20000 MAH Slimmest Power Bank with 1 Type C PD and 2 USB A Port, 22.5W Fast Charging Portable Charger to Charges 3 Devices Simultaneously for iPhones, Android Phones, Smart Watches & More","3,099",4.2
"Ambrane 10000mAh Slim Power Bank, 20W Fast Charging, Dual Output, Type C PD (Input & Output), Quick Charge, Li-Polymer, Multi-Layer Protection for iPhone, Anrdoid & Other Devices (Stylo 10K, Black)",999,3.9
"Ambrane 20000mAh Power Bank, 20W Fast Charging, Triple Output, Type C PD (Input & Output), Quick Charge, Li-Polymer, Multi-Layer Protection for iPhone, Smartphones & Other Devices (Stylo 20K, Green)","1,599",4.0
"URBN 20000 mAh Lithium_Polymer 22.5W Super Fast Charging Ultra Compact Power Bank with Quick Charge & Power Delivery, Type C Input/Output, Made in India, Type C Cable Included (Camo)","1,499",3.9
"Ambrane 27000mAh Power Bank, 20W Fast Charging, Triple Output, Type C PD (Input & Output), Quick Charge, Li-Polymer, Multi-Layer Protection for iPhone, Smartphones & Other Devices (Stylo Pro, Green)","2,499",4.0
"Qubo MagZap X1 from Hero Group 5000 mAh Magnetic Magsafe Wireless Power Bank, 15W Wireless/20W Wired Output, USB Type C, Supports iPhone 12 & Above, Metal Ring Included for Older Models (Black)","2,390",3.4
"Ambrane 10000mAh Slim Power Bank, 20W Fast Charging, Dual Output, Type C PD (Input & Output), Quick Charge, Li-Polymer, Multi-Layer Protection for iPhone, Anrdoid & Other Devices (Stylo 10K, Green)",999,3.9
MI 10000mAh 3i Lithium Polymer Power Bank Dual Input(Micro-USB and Type C) and Output Ports 18W Fast Charging (Metallic Blue),"1,299",4.2
"Ambrane 10000mAh Slim Power Bank, 20W Fast Charging, Dual Output, Type C PD (Input & Output), Quick Charge, Li-Polymer, Multi-Layer Protection for iPhone, Anrdoid & Other Devices (Stylo 10K, Green)",999,3.9
"FLiX(Beetel) New Launch PowerXtreme 10,000mAh Slim Power Bank, USB C/Micro USB Input, Dual USB A Output, Compatible with iPhone 14 13 12 11 Samsung S22 S23 S21 Google Pixel 7 Oneplus (Black-P10)",599,3.9
"Ambrane 10000mAh Slim Power Bank, 20W Fast Charging, Dual Output, Type C PD (Input & Output), Quick Charge, Li-Polymer, Multi-Layer Protection for iPhone, Anrdoid & Other Devices (Stylo 10K, Blue)",999,3.9
URBN 20000 mAh Premium Black Edition Nano Power Bank | 22.5W Super Fast Charging | Pocket Size| Dual Type C Power Delivery (PD) Output + 1 USB Output for Quick Charge | Two-Way Fast Charge (Black),"2,499",4.1
"Amazon Basics 20000mAh 22.5W Lithium-Polymer Power Bank | Dual Input, Triple Output | Fast Charging, Black, Type-C Cable Included","1,579",3.7
Amazon Basics 5000mAh Li-Polymer Wireless Power Bank | Two-Way Fast Charging | 20W Fast Charging Through Wire |15W Wireless Charging| for iPhone 12 and Above (White),"1,099",4.3
"URBN 20000 mAh Lithium_Polymer 22.5W Super Fast Charging Ultra Compact Power Bank with Quick Charge & Power Delivery, Type C Input/Output, Made in India, Type C Cable Included (Blue)","1,499",3.9
"URBN 10000 mAh Lithium_Polymer 22.5W Super Fast Charging Ultra Compact Power Bank with Quick Charge & Power Delivery, Type C Input/Output, Made in India, Type C Cable Included (Camo)","1,199",3.9
"Amazon Basics 20000mAh 12W Lithium-Polymer Power Bank | Dual Input, Dual Output | Black, Type-C Cable Included","1,219",3.7
URBN 20000 mAh Premium Nano Power Bank | 22.5W Super Fast Charging | Smallest Power Bank | Dual Type C Power Delivery (PD) Output + 1 USB Output for Quick Charge | Two-Way Fast Charge (Camo),"2,499",4.1
"Ambrane 27000mAh Power Bank, 20W Fast Charging, Triple Output, Type C PD (Input & Output), Quick Charge, Li-Polymer, Multi-Layer Protection for iPhone, Smartphones & Other Devices (Stylo Pro, Green)","2,499",4.0
"Redmi 20000mAh Li-Polymer Power Bank, USB Type C and Micro USB Ports, 18W Fast Charging, Low Power Mode, Black","2,049",4.2
"Anker 10000 mAh PD Power Bank, PowerCore (Series 3), Fast Charging PowerIQ (PIQ) Technology, USB-C Input, USB-A & USB-C Output, Charge 2 Devices at Once, Ultra Slim Portable Charger","1,999",4.3
"Duracell Power Bank 10000 mAh, Portable Charger, USB C/Micro USB Input, USB A/USB C Output, Fast Charge Technology, 22.5W Power Delivery for Smartphones, Tablets, Headphones and USB-Powered Devices","1,999",4.0
"Ambrane 27000mAh Li-Polymer Powerbank with Type C and USB Ports | Fast Charging for Smartphones, Smart Watches, Neckbands & Other Devices (PP-30 Pro, Black)","2,399",4.2
"DR VAKU® 10000mAh Power Bank Clear Bolt Portable 20W PD QC Fast Charging Dual USB Port (Input & Output) Lithium Polymer Battery Power Bank for iPhone,Samsung & Android Devices with SOS Led Light Torch","1,399",4.3
"Ambrane 20000mAh Power Bank with 20W Fast Charging, Triple Output, Power Delivery, Type C Input, Made in India, Multi-Layer Protection, Li-Polymer + Type C Cable (Stylo-20k, Black)","1,599",4.0
"Ambrane 50000mAh Powerbank, 20W Fast Charging, Metallic Body, Triple Output, Type C PD (Input & Output), Li-Polymer, Compatible for iPhone, Android and Other Devices (Stylo Max, Blue)","4,499",4.0
Oboe Silicon Soft Cover Case for Mi Power Bank 3i 20000 mAh Battery (Black) [Power Bank NOT Included],349,4.0
"Ambrane 27000mAh Power Bank, 20W Fast Charging, Triple Output, Type C PD (Input & Output), Quick Charge, Li-Polymer, Multi-Layer Protection for iPhone, Smartphones & Other Devices (Stylo Pro, Green)","2,499",4.0
URBN 20000 mAh Premium Nano Power Bank | 22.5W Super Fast Charging | Pocket Size| Dual Type C Power Delivery (PD) Output + 1 USB Output for Quick Charge | Two-Way Fast Charge (Purple),"2,499",4.1
"Amazon Basics 10000 mAh Lithium Polymer Mini Power Bank with 22.5W Fast Charging, Dual Output, Charging Indicator, Type-C Cable Included, Blue","1,299",4.3
"Ambrane 10000mAh Slimmest & Compact (Pocket/Bag Friendly) Powerbank, 22.5W Fast Charging, USB & Type C Output, Power Delivery, Quick Charge for iPhone, Android & Other Devices (Powerlit, Black)","1,299",4.0
"pTron Newly Launched Dynamo 10000mAh 22.5W Power Bank, Made in India, 20W PD Fast Charging, 3 Output, 2 Input Ports Type-C/PD & Micro USB, Li-Polymer Battery & Multiple Layers of Protection (Black)",999,3.7
Mi Power Bank Boost Pro 30000mAh with 18W Fast Charging|Power Delivery 3.0|24W Fast Recharging|Triple Output Port|Dual Input with Type C|16 Layer Protection (Black),"3,499",4.1
URBN 20000 mAh Li-Polymer Ultra Compact Power Bank | 12W Fast Charge | Dual USB Output | Type C & Micro Input Only | Pocket Size | Made in India (Camo),"1,299",3.8
"FLiX(Beetel) Just Launched UltraCharge 20,000mAh QCPD Power Bank,USB C/B Input,Tripple output 22.5W High-Speed Power Delivery,Compatible to iPhone 14 13 12 11 Samsung S22 S23 S21 Google Pixel7 Oneplus","1,199",3.9
"Anker 20000 mAh PD Power Bank, PowerCore (Series 3), Fast Charging PowerIQ (PIQ) Technology, USB-C Input, USB-A & USB-C Output, Charge 2 Devices, Ultra Slim Portable Charger for iPhone & Other Phones","3,499",4.3
"Amazon Basics 10000mAh 22.5W Lithium-Polymer Power Bank | Dual Input, Triple Output | Fast Charging, Black, Type-C Cable Included",934,3.7
URBN 10000 mAh Lithium_ion Premium Black Edition Nano Power Bank | 20W Fast Charging | Smallest Power Bank | Type C PD (Input& Output) | Made in India | Dual Output | Free Type C Cable - Black,"1,499",4.1
"URBN 10000 mAh Lithium Power Bank UPR10K with 12 Watt Fast Charging, Blue",900,3.9
"Ambrane 100W Fast Charging Powerbank for MacBook, Type C Laptop & Mobile Charging, 25,000mAh Battery, Triple Output, Power Delivery & Quick Charge (Powerlit Ultra, Black)","4,999",4.1
"Ambrane 10000mAh Slim Power Bank, 20W Fast Charging, Dual Output, Type C PD (Input & Output), Quick Charge, Li-Polymer, Multi-Layer Protection for iPhone, Anrdoid & Other Devices (Stylo 10K, Green)",999,3.9
"Ambrane 10000mAh Magnetic Wireless Power Bank for iPhone 12 & Above, 22.5W Wired + 15W Wireless Charging, Mobile Stand, Type C PD (Input & Output), Li-Polymer (Aerosync PB 10, Black)","1,899",2.9
"Ambrane 27000mAh Li-Polymer Powerbank with Type C and USB Ports | Fast Charging for Smartphones, Smart Watches, Neckbands & Other Devices (PP-30 Pro, Black)","2,399",4.2
MI Lithium Ion Xiaomi Wireless Power Bank 10000mAh | 22.5W Fast Charging (USB-A) | 10W Wireless Charging | Two-Way Fast Charging | Fast Charging USB C Input Port -Black,"2,499",4.0
"URBN 10000 mAh Lithium_Polymer Power Bank with 22.5 Watt Super Fast Charging, Blue","1,199",3.9
"DR VAKU® 10000mAh Power Bank Clear Bolt Portable 20W PD QC Fast Charging Dual USB Port (Input & Output) Lithium Polymer Battery Power Bank for iPhone,Samsung & Android Devices with SOS Led Light Torch","1,399",4.3
"FLiX(Beetel) Newly Launched UltraCharge 10000mAh QCPD Power Bank,USB C/B Input,Tripple output 22.5W High-Capacity Power Delivery,Compatible to iPhone 14 13 12 11 Samsung S22 23 21 GooglePixel7 Oneplus",699,3.9
"Ambrane 27000mAh Power Bank, 20W Fast Charging, Triple Output, Type C PD (Input & Output), Quick Charge, Li-Polymer, Multi-Layer Protection for iPhone, Smartphones & Other Devices (Stylo Pro, Purple)","2,499",4.0
"FLiX(Beetel) Just Launched UltraCharge 20,000mAh QCPD Power Bank,USB C/B Input,Tripple Output 22.5W Power Delivery,Compatible to iPhone 14 13 12 11 Samsung S22 S23 Google Pixel7 Oneplus(Olive Green)","1,199",3.9
"Redmi Lithiumpolymer 10000 Mah Fast Charging Slim Power Bank (Black, 10W Fast Charging, Dual Ports)","1,199",4.2
"Redmi 20000mAh Power Bank, USB Type C, Micro USB Ports, Dual USB Output, 18W Fast Charging, Low Power Mode, (White)","2,049",4.2
"Amazon Basics 10000mAh 12W Lithium-Polymer Power Bank | Dual Input, Dual Output | Black, Type-C Cable Included",849,3.7
URBN 20000 mAh Li-Polymer Ultra Compact Power Bank | 12W Fast Charge | Dual USB Output | Type C & Micro Input Only | Pocket Size | Made in India (Blue),"1,299",3.8
"Amazon Basics 20000mAh 22.5W Lithium-Polymer Metal Power Bank | Dual Input, Triple Output | Fast Charging, Twilight Blue, Type-C Cable Included","1,629",3.7
"Amazon Basics 10000 mAh Lithium Polymer Mini Power Bank with 22.5W Fast Charging, Dual Output, Charging Indicator, Type-C Cable Included, Black","1,939",4.3
"DR VAKU® 10000mAh Power Bank Clear Bolt Portable 20W PD QC Fast Charging Dual USB Port (Input & Output) Lithium Polymer Battery Power Bank for iPhone,Samsung & Android Devices with SOS Led Light Torch","1,399",4.3
"Ambrane 20000mAh Power Bank with 20W Fast Charging, Triple Output, Power Delivery, Type C Input, Made in India, Multi-Layer Protection, Li-Polymer + Type C Cable (Stylo-20k, Black)","1,599",4.0
"Qubo MagZap X1 from Hero Group 5000 mAh Magnetic Magsafe Wireless Power Bank, 15W Wireless/20W Wired Output, USB Type C, Supports iPhone 12 & Above, Metal Ring Included for Older Models (Black)","2,390",3.4
"Ambrane 50000mAh Powerbank, 20W Fast Charging, Metallic Body, Triple Output, Type C PD (Input & Output), Li-Polymer, Compatible for iPhone, Android and Other Devices (Stylo Max, Blue)","4,499",4.0
"Ambrane 20000mAh Power Bank with 20W Fast Charging, Triple Output, Power Delivery, Type C Input, Made in India, Multi-Layer Protection, Li-Polymer + Type C Cable (Stylo-20k, Black)","1,599",4.0
Oboe Silicon Soft Cover Case for Mi Power Bank 3i 20000 mAh Battery (Black) [Power Bank NOT Included],349,4.0
"Spigen 3in1 10000mAh Wireless Charging Power Bank with USB-A | USB-C 20W Fast Charging, Included USB-C to USB-C Cable, Lithium Polymer - Black",349,3.9
"Belkin 10000 mAh 15W PD 3.0 Slim Fast Charging Power Bank with 1 USB-C and 2 USB-A Ports to Charge 3 Devices Simultaneously, for iPhones, Android Phones, Smart Watches & More - Blue","1,699",4.2
"Ambrane 27000mAh Power Bank, 20W Fast Charging, Triple Output, Type C PD (Input & Output), Quick Charge, Li-Polymer, Multi-Layer Protection for iPhone, Smartphones & Other Devices (Stylo Pro, Black)","2,499",4.0
URBN 10000 mAh Li-Polymer Ultra Compact Power Bank | 12W Fast Charge | Dual USB Output | Type C | Micro Input | Pocket Size (Camo),"1,049",3.9
"Ambrane 10000mAh Slimmest & Compact (Pocket/Bag Friendly) Powerbank, 22.5W Fast Charging, USB & Type C Output, Power Delivery, Quick Charge for iPhone, Android & Other Devices (Powerlit, Green)","1,299",4.0
"Anker Apple MFi Certified MagSafe Power Bank for iPhone 15, 14, 13 Series, MagGo Portable 20W Super Fast Charging, Magnetic Wireless Power Bank, Ultra Slim Design (10,000 mAh, White)","5,499",4.0
"Elevone 10000mAh Power Bank, 10.5W Fast Charging, Triple Output, Type C PD, Li-Polymer, Multi-Layer Protection for Smartphones & Other Type-C Devices (Rapid 11, Green)",599,3.7
"Ambrane 50000mAh Powerbank, 20W Fast Charging, Metallic Body, Triple Output, Type C PD (Input & Output), Li-Polymer, Compatible for iPhone, Android and Other Devices (Stylo Max, Blue)","4,499",4.0
"Belkin 10000 mAh 15W PD 3.0 Slim Fast Charging Power Bank with 1 USB-C and 2 USB-A Ports to Charge 3 Devices Simultaneously, for iPhones, Android Phones, Smart Watches & More - Black","1,799",4.2
"Spigen 3in1 10000mAh Wireless Charging Power Bank with USB-A | USB-C 20W Fast Charging, Included USB-A to USB-C Cable, Lithium Polymer - Black","2,499",3.9
eller santé® 10000mAh Magnetic Wireless Power Bank for iPhone 15/14/13/12 Series Fast Charging Dual USB Port Lithium Polymer QC 3.0 Type-C PD (Input & Output) 15W Wireless & Mag-Safe (White),"2,999",4.1
"Elevone 10000mAh Power Bank, 10.5W Fast Charging, Triple Output, Type C PD, Li-Polymer, Multi-Layer Protection for Smartphones & Other Type-C Devices (Rapid 11, Black)",599,3.7
"Ambrane 27000mAh Power Bank, 20W Fast Charging, Triple Output, Type C PD (Input & Output), Quick Charge, Li-Polymer, Multi-Layer Protection for iPhone, Smartphones & Other Devices (Stylo Pro, Green)","2,499",4.0
"Ambrane 10000mAh Slim Power Bank, 20W Fast Charging, Dual Output, Type C PD (Input & Output), Quick Charge, Li-Polymer, Multi-Layer Protection for iPhone, Anrdoid & Other Devices (Stylo 10K, Green)",999,3.9
"Ambrane 10000mAh Magnetic Wireless Power Bank for iPhone 12 & Above, 22.5W Wired + 15W Wireless Charging, Mobile Stand, Type C PD (Input & Output), Li-Polymer (Aerosync PB 10, Black)","1,899",2.9
"pTron Newly Launched Dynamo Lite 10000mAh 12W Power Bank, Made in India, Dual USB Charging Ports, 2 Input Ports Type-C & Micro USB, Slim Design & Multiple Layers of Protection (Black)",799,3.3
"Ambrane 20000mAh Premium Metallic Nano Powebank, 22.5W Super Fast Charging, Compact Pocket Size, Dual Type C & USB, Power Delivery PD & Quick Charge for iPhone, Smartphones (Powerlit XL, Blue)","1,999",3.8
"pTron Dynamo Classic 20000mAh 22.5W Power Bank, Supports VOOC/Wrap/Dash USB Charging, 20W PD Fast Charging, 3 Outputs, 2 Inputs Type-C/PD & Micro USB, Multi Layers of Protection (Green)","1,599",4.3
eller santé® 10000mAh Magnetic Wireless Power Bank for iPhone 15/14/13/12 Series Fast Charging Dual USB Port Lithium Polymer QC 3.0 Type-C PD (Input & Output) 15W Wireless & Mag-Safe (Black),"2,999",4.1
"pTron Dynamo Classic 20000mAh 22.5W Power Bank, Supports VOOC/Wrap/Dash USB Charging, 20W PD Fast Charging, 3 Outputs, 2 Inputs Type-C/PD & Micro USB, Multi Layers of Protection (Black)","1,599",4.3
"Portronics Power Brick II 10000 mAh,2.4A 12w Slim Power Bank with Dual USB Output Port for iPhone, Anrdoid & Other Devices.(Black)",699,3.5
"URBN Power Bank 10,000mAh - Ultra Slim, 22.5W Two Way Fast Charging, Triple Output, Dual Type C PD, 12 Layers Circuit Protection, BIS Certified, 6 Months Warranty Free Type C Cable - Bright Blue",899,3.9
"URBN 27000 mAh 22.5W Super Fast Charging Compact Power Bank with Quick Charge & Power Delivery, Type C Input/Output, Made in India, Type C Cable Included (Blue)","2,199",3.9
"Anker Apple MFi Certified MagSafe Power Bank for iPhone 15, 14, 13 Series, MagGo Portable 15W Super Fast Charging, Magnetic Wireless Power Bank, Ultra Slim Design (5,000 mAh with Stand, White)","4,599",4.0
"URBN Power Bank 10,000mAh - Ultra Slim, 22.5W Two Way Fast Charging, Triple Output, Dual Type C PD, 12 Layers Circuit Protection, BIS Certified, Made in India with Free Type C Cable - Blue.","1,099",3.9
"CALLMATE 20000Mah Power Bank, 15W Fast Charging| Buit-in Cables | 4 Output Ports and 3 Input | for iPhone, Smartphones & Other Devices (15 W, Fast Charging) (Black, Lithium Polymer)","1,349",3.3
"URBN 10,000 mAh Magsafe Power Bank with Stand | 15W Fast Wireless Charging |Strong Magnetic Hold | Type C Input/Output | Pass Through Charging | MagTag Ring Included | (Black)","3,499",4.0
"Ambrane 27000mAh Li-Polymer Powerbank with Type C and USB Ports | Fast Charging for Smartphones, Smart Watches, Neckbands & Other Devices (PP-30 Pro, Black)","2,399",4.2
"DR VAKU® 10000mAh Power Bank Clear Bolt Portable 20W PD QC Fast Charging Dual USB Port (Input & Output) Lithium Polymer Battery Power Bank for iPhone,Samsung & Android Devices with SOS Led Light Torch","1,399",4.3
"Ambrane 20000mAh Premium Metallic Nano Powebank, 22.5W Super Fast Charging, Compact Pocket Size, Dual Type C & USB, Power Delivery PD & Quick Charge for iPhone, Smartphones (Powerlit XL, Blue)","1,999",3.8
"Ambrane 50000mAh Powerbank, 20W Fast Charging, Metallic Body, Triple Output, Type C PD (Input & Output), Li-Polymer, Compatible for iPhone, Android and Other Devices (Stylo Max, Blue)","1,999",4.0
"Ambrane 20000mAh Power Bank with 20W Fast Charging, Triple Output, Power Delivery, Type C Input, Made in India, Multi-Layer Protection, Li-Polymer + Type C Cable (Stylo-20k, Black)","1,999",4.0
Oboe Silicon Soft Cover Case for Mi Power Bank 3i 20000 mAh Battery (Black) [Power Bank NOT Included],"1,999",4.0
URBN 5000 mAh Premium Black Edition Magsafe Power Bank | 15W Fast Wireless Charging |Strong Magnetic Hold | Type C Input/Output | Pass Through Charging | MagTag Ring Included | (Black),"1,999",3.8
"Amazon Basics 10000mAH Lithium Polymer Power Bank | 3 Charging Cables Included | Four Way Output (Micro USB, Type C, iPhone Cables and 1 USB Port), Dual Input (Type C, Micro USB) | Black","1,999",3.7
"URBN Power Bank 10,000mAh - Ultra Slim, 22.5W Two Way Fast Charging, Triple Output, Dual Type C PD, 12 Layers Circuit Protection, BIS Certified, 6 Months Warranty Free Type C Cable - Camo","1,999",3.9
URBN 27000 mAh 65W Ultra Fast Charging Compact Power Bank | Type C Power Delivery (Input& Output) | Quick Charge | Two-Way Fast Charging | Charge Laptop/Mobiles/TWS/Speakers | (Blue),"1,999",3.9
"Amazon Basics 10000 mAh 22.5W Fast Charging Lithium Polymer Power Bank | Charging Indicator + Type C Cable | Triple Output, White","1,999",3.3
"Anker Apple MFi Certified MagSafe Power Bank for iPhone 15, 14, 13 Series, MagGo Portable 20W Super Fast Charging, Magnetic Wireless Power Bank, Ultra Slim Design (10,000 mAh, Black)","1,999",4.0
"pTron Dynamo Classic 20000mAh 22.5W Power Bank, Supports VOOC/Wrap/Dash USB Charging, 20W PD Fast Charging, 3 Outputs, 2 Inputs Type-C/PD & Micro USB, Multi Layers of Protection (Blue)","1,999",4.3
"pTron Newly Launched Dynamo Lite 10000mAh 12W Power Bank, Made in India, Dual USB Charging Ports, 2 Input Ports Type-C & Micro USB, Slim Design & Multiple Layers of Protection (Blue)","1,999",3.2
"Amazon Basics 10000 mAh 22.5W Fast Charging Lithium Polymer Power Bank with Type C Cable | Dual Input, Triple Output | Black","1,999",3.3
"Redmi 10000mAh Lithium Polymer Power Bank with 10 Watt Fast Charging, (White)","1,999",4.2
"Anker 622 Magnetic Battery MagGo, 5000mAh Foldable Magnetic Wireless Portable Charger and USB-C for iPhone 14 & 13 Series (Interstellar Grey)","1,999",4.3
"Spigen 20000 mAh, 30W Fast Charging Power Bank for MacBook Pro with 30W for 2 USB-C Ports, 22.5W for 1 USB-A Port, Included USB-C to USB-C Cable - Black","1,999",4.1
"Ambrane 10000mAh Slim Power Bank, 20W Fast Charging, Dual Output, Type C PD (Input & Output), Quick Charge, Li-Polymer, Multi-Layer Protection for iPhone, Anrdoid & Other Devices (Stylo 10K, Green)","1,999",3.9
"Ambrane 27000mAh Power Bank, 20W Fast Charging, Triple Output, Type C PD (Input & Output), Quick Charge, Li-Polymer, Multi-Layer Protection for iPhone, Smartphones & Other Devices (Stylo Pro, Green)","1,999",4.0
"Ambrane 27000mAh Li-Polymer Powerbank with Type C and USB Ports | Fast Charging for Smartphones, Smart Watches, Neckbands & Other Devices (PP-30 Pro, Black)","1,999",4.2
"Spigen 20000 mAh, 30W Fast Charging Power Bank for MacBook Pro with 30W for 2 USB-C Ports, 22.5W for 1 USB-A Port, Included USB-C to USB-C Cable - Navy Blue","1,999",4.1
"pTron Dynamo 10000mAh 22.5W Power Bank Supports VOOC/Wrap/Dash USB Charging, 20W PD Fast Charging, 3 Output, 2 Input Ports Type-C/PD & Micro USB & Multiple Layers of Protection (Green)","1,999",4.3
"Stuffcool Mega 10000mAh 30W PD Super Compact Powerbank with Samsung Super Fast Charging, Charges iPhones, Pixels 50% in 30 mins","1,999",3.4
"Amazon Basics 10000mAh 22.5W Lithium-Polymer Metal Power Bank | Dual Input, Triple Output | Fast Charging, Twilight Blue, Type-C Cable Included","1,999",3.7
"URBN Power Bank 10,000mAh - Ultra Slim, 22.5W Two Way Fast Charging, Triple Output, Dual Type C PD, 12 Layers Circuit Protection, BIS Certified, 6 Months Warranty with Free Type C Cable (Purple)","1,999",3.9
"pTron Newly Launched Dynamo Elite 10000mAh 22.5W Power Bank Supports VOOC/Wrap/Dash USB Charging, 20W PD Fast Charging, 3 Output Ports, 2 Input Ports & Multiple Layers of Protection (Black)","1,999",3.7
"Ambrane 27000mAh Li-Polymer Powerbank with Type C and USB Ports | Fast Charging for Smartphones, Smart Watches, Neckbands & Other Devices (PP-30 Pro, Black)","1,999",4.2
"Amazon Basics 20000Mah Lithium Polymer 18W Fast Charging Power Bank | Triple Output (Type C, 2 USB) and Dual Input (Type C, Micro USB) Ports | Metallic Body, Black","1,999",3.7
"pTron Newly Launched Dynamo Z 10000mAh 22.5W Power Bank Supports VOOC/Wrap/Dash USB Charging, 20W PD Fast Charging, 3 Output Ports, 2 Input Ports & Multiple Layers of Protection (Black)","1,999",4.3
"Amazon Basics 20000 mAh 22.5W Fast Charging Lithium Polymer Power Bank | Charging Indicator + Type C Cable | Triple Output, White","1,999",3.3
Electronic Spices T6845-C Power Bank Charging Circuit Module Pack of 1pcs,"1,999",3.2
"Ambrane 50000mAh Power Bank, 20W Fast Charging, Metallic Body, Triple Output, Type C PD (Input & Output), Li-Polymer, Multi-Layer Protection for iPhone, Smartphones & Other Devices (Stylo Max, Black)","1,999",4.0
"DR VAKU® 10000mAh Power Bank Clear Bolt Portable 20W PD QC Fast Charging Dual USB Port (Input & Output) Lithium Polymer Battery Power Bank for iPhone,Samsung & Android Devices with SOS Led Light Torch","1,999",4.3
"Ambrane 10000mAh Magnetic Wireless Power Bank for iPhone 12 & Above, 22.5W Wired + 15W Wireless Charging, Mobile Stand, Type C PD (Input & Output), Li-Polymer (Aerosync PB 10, Black)","1,999",2.9
"Ambrane 20000mAh Premium Metallic Nano Powebank, 22.5W Super Fast Charging, Compact Pocket Size, Dual Type C & USB, Power Delivery PD & Quick Charge for iPhone, Smartphones (Powerlit XL, Blue)","1,999",3.8
"Ambrane 50000mAh Powerbank, 20W Fast Charging, Metallic Body, Triple Output, Type C PD (Input & Output), Li-Polymer, Compatible for iPhone, Android and Other Devices (Stylo Max, Blue)","1,999",4.0
Oboe Silicon Soft Cover Case for Mi Power Bank 3i 20000 mAh Battery (Black) [Power Bank NOT Included],"1,999",4.0
"Ambrane 20000mAh Power Bank with 20W Fast Charging, Triple Output, Power Delivery, Type C Input, Made in India, Multi-Layer Protection, Li-Polymer + Type C Cable (Stylo-20k, Black)","1,999",4.0
"URBN 27000 mAh 22.5W Super Fast Charging Compact Power Bank with Quick Charge & Power Delivery, Type C Input/Output, Made in India, Type C Cable Included (Camo)","1,999",3.9
"Stuffcool Major Plus 20000mAh 20W Type C PD, 22.5W QC3.0 Type A Port Fast Charging Powerbank, Charges iPhones 50% in 30 mins, Supports Fast Charging for Galaxy, Pixel and Other Android Devices","1,999",4.0
Stuffcool PB9063W 5000mAh Magnetic Powerbank Compatible with Apple Watch Charging and Leather Kick Stand - Black,"1,999",3.3
"Callmate 30000mAh High Capacity Power Bank, 15W Fast Charging | Digital Display | 2 USB Output Ports and 2 Input | LED Torch| Multi-Layer Protection for iPhone & Smartphones (Black, Lithium Polymer)","1,999",3.3
"Amazon Basics 20000 Mah Lithium Polymer 22.5W Fast Charging Power Bank | Triple Output (Type C, 2 USB), Dual Input (Type C, Micro USB) | Metallic Blue","1,999",3.3
URBN 20000 mAh 45W Ultra Fast Charging Compact Power Bank | Type C Power Delivery (Input& Output) | Quick Charge | Two-Way Fast Charging | Charge Laptop/Mobiles/TWS/Speakers | (Blue),"1,999",3.9
Oboe Silicon Soft Cover Case for Mi Power Bank 3i 20000 mAh Battery (Black) [Power Bank NOT Included],"1,999",4.0
"Portronics Power E 10K 10000 mAh,2.4A 12w Slim Power Bank with Dual USB Output Port for iPhone, Anrdoid & Other Devices.(Black)","1,999",3.3
URBN 5000 mAh Premium Black Edition Magsafe Power Bank | 15W Fast Wireless Charging |Strong Magnetic Hold | Type C Input/Output | Pass Through Charging | MagTag Ring Included | (Light Blue),"1,999",3.8
Duracell Powerbank 20000mh with Series 3 - A to C Cable,"1,999",4.2
"CALLMATE 20000Mah Power Bank, 15W Fast Charging| Buit-in Cables | 4 Output Ports and 3 Input | for iPhone, Smartphones & Other Devices (15 W, Fast Charging) (Blue, Lithium Polymer)","1,999",3.3
"Anker Power Bank, PowerCore Essential with Digital Display, Patented PowerIQ Technology for Fast Charging iPhone 15, 14, 13, Samsung, Pixel, LG, Other Phones & Tablets","1,999",4.3
"Ambrane 10000mAh Slim Power Bank, 20W Fast Charging, Dual Output, Type C PD (Input & Output), Quick Charge, Li-Polymer, Multi-Layer Protection for iPhone, Anrdoid & Other Devices (Stylo 10K, Green)","1,999",3.9
"Ambrane 27000mAh Power Bank, 20W Fast Charging, Triple Output, Type C PD (Input & Output), Quick Charge, Li-Polymer, Multi-Layer Protection for iPhone, Smartphones & Other Devices (Stylo Pro, Green)","1,999",4.0
"Ambrane 27000mAh Li-Polymer Powerbank with Type C and USB Ports | Fast Charging for Smartphones, Smart Watches, Neckbands & Other Devices (PP-30 Pro, Black)","1,999",4.2
URBN 10000 mAh Li-Polymer Ultra Compact Power Bank | 12W Fast Charge | Dual USB Output | Type C & Micro Input Only | Pocket Size | Made in India (Purple),"1,999",3.8
"Qubo MagZap X10 from Hero Group 10000 mAh Magnetic Magsafe Wireless Power Bank, 15W Wireless/20W Wired Output, USB Type C, Supports iPhone 12 & Above, Metal Ring Included for Older Models (Black)","1,999",3.6
"Stuffcool Major Max 20000mAh 35W PD PPS Type C Made in India Powerbank, Charges MacBook Air M1/M2 0-90%, Supports Galaxy Super Fast Charging, Charges iPhones/Pixels 50% in 30 mins","1,999",4.0
URBN 27000 mAh 22.5W Super Fast Charging Compact Power Bank with 25W USB to Type C Cable (Length: 5 Feet)| Type C Power Delivery (Input& Output) | Two-Way Fast Charging | Universal Compatibility,"1,999",3.9
URBN 10000 mAh Li-Polymer Ultra Compact Power Bank | 12W Fast Charge | Dual USB Output | Type C & Micro Input Only | Pocket Size | Made in India (Bright Blue),"1,999",3.8
Electronicspices 1PCS TP4056 Micro USB Type C Mini Plug 5V 1A 18650 Lithium Battery Charging Protection Board (C-TYPE),"1,999",3.9
"DR VAKU® 10000mAh Power Bank Magnum Series with Type-C 20W Fast Power Delivery Charging Triple USB Port Type C (Input & Output) Lithium Polymer Battery for iPhone, Samsung & Android Devices- Grey","1,999",4.3
"Callmate C-Thru 20000mAh Transparent Power Bank, 23W Fast Charging with Type C PD (Input & Output | 2 Output Ports and 2 Input | Digital Display (23 W, Power Delivery) (Transparent, Grey, Lithium Ion)","1,999",3.7
Electronic Spices3 USB 5V 1A Mobile Power Bank Charger Controller Module Step Up Boost Power Module Lithium Battery Charging Board LED,"1,999",3.4
URBN 20000 mAh 45W Ultra Fast Charging Compact Power Bank | Type C Power Delivery (Input& Output) | Quick Charge | Two-Way Fast Charging | Charge Laptop/Mobiles/TWS/Speakers | (Camo),"1,999",3.9
Electronic Spices 2USB Power Bank Charging Module Circuit Board- DC-DC Step Up Boost Power Supply Module - 5V 1A (2 USB),99,3.0
"Portronics Power Brick II 10000 mAh,2.4A 12w Slim Power Bank with Dual USB Output Port for iPhone, Anrdoid & Other Devices.(Blue)",99,3.5
"DR VAKU® 10000mAh Power Bank Clear Bolt Portable 20W PD QC Fast Charging Dual USB Port (Input & Output) Lithium Polymer Battery Power Bank for iPhone,Samsung & Android Devices with SOS Led Light Torch",99,4.3
"Ambrane 10000mAh Magnetic Wireless Power Bank for iPhone 12 & Above, 22.5W Wired + 15W Wireless Charging, Mobile Stand, Type C PD (Input & Output), Li-Polymer (Aerosync PB 10, Black)",99,2.9
"Ambrane 20000mAh Premium Metallic Nano Powebank, 22.5W Super Fast Charging, Compact Pocket Size, Dual Type C & USB, Power Delivery PD & Quick Charge for iPhone, Smartphones (Powerlit XL, Blue)",99,3.8
